{
    "mean": [
        59.257961328960135,
        7.026542623039683,
        14.760181729475285,
        225.37395120085023,
        0.1404310907903331,
        5.000746047998856,
        4.899796299000558,
        10.090238957547596,
        74.77531025473547,
        0.15284128020901372,
        0.20574787720444154,
        0.14304376224689747,
        0.09144350097975179,
        0.15284128020901372,
        134.52384062704115,
        27.696998697915678,
        0.2841280209013716,
        5.083764667054108,
        124.57309741346707,
        0.24689745264532986,
        228.41891543726496,
        89.8282168517309,
        0.15545395166557804,
        0.15610711952971915,
        1.2775963422599608,
        0.1495754408883083,
        0.1946440235140431,
        0.21097322011757022,
        0.689745264532985,
        4.997930348709256,
        0.5140431090790333
    ],
    "scale": [
        23.085841147943288,
        1.7497640517223843,
        8.62324469138978,
        42.38297139298801,
        0.3474337340123586,
        2.940034606214589,
        2.82306637314466,
        5.681042400779005,
        9.032950304318085,
        0.3598344386979705,
        0.4042470633539687,
        0.350117472184909,
        0.288238767531916,
        0.3598344386979705,
        26.0427207662705,
        7.227250441954343,
        0.4509981027011548,
        2.8790198319096083,
        42.96223540717833,
        0.43120656363577886,
        101.40542630368171,
        17.789020844172008,
        0.3623368882368095,
        0.3629568662552799,
        0.9025045181695607,
        0.3566547747772017,
        0.3959264169316159,
        0.4079994123902551,
        1.0008582210990002,
        2.9439710610327086,
        0.49980275218069214
    ]
}